timeStamp,elapsed,label,responseCode,responseMessage,threadName,dataType,success,failureMessage,bytes,sentBytes,grpThreads,allThreads,URL,Latency,IdleTime,Connect
1706795374273,391,HTTP Request,200,OK,Thread Group-1 1-1,text,true,,88736,158,2,2,https://www.facebook.com/pages/create/?ref_type=registration_form,345,0,46
1706795374479,313,HTTP Request,200,OK,Thread Group-1 1-2,text,true,,88743,158,3,3,https://www.facebook.com/pages/create/?ref_type=registration_form,270,0,37
1706795374667,260,HTTP Request,200,OK,Thread Group-1 1-1,text,true,,88738,158,4,4,https://www.facebook.com/pages/create/?ref_type=registration_form,233,0,0
1706795374681,341,HTTP Request,200,OK,Thread Group-1 1-3,text,true,,88719,158,4,4,https://www.facebook.com/pages/create/?ref_type=registration_form,295,0,71
1706795374793,243,HTTP Request,200,OK,Thread Group-1 1-2,text,true,,88736,158,4,4,https://www.facebook.com/pages/create/?ref_type=registration_form,215,0,0
1706795374928,281,HTTP Request,200,OK,Thread Group-1 1-1,text,true,,88737,158,5,5,https://www.facebook.com/pages/create/?ref_type=registration_form,242,0,0
1706795374884,350,HTTP Request,200,OK,Thread Group-1 1-4,text,true,,88739,158,5,5,https://www.facebook.com/pages/create/?ref_type=registration_form,297,0,33
1706795375023,256,HTTP Request,200,OK,Thread Group-1 1-3,text,true,,88727,158,5,5,https://www.facebook.com/pages/create/?ref_type=registration_form,224,0,0
1706795375036,328,HTTP Request,200,OK,Thread Group-1 1-2,text,true,,88742,158,5,5,https://www.facebook.com/pages/create/?ref_type=registration_form,262,0,0
1706795375079,333,HTTP Request,200,OK,Thread Group-1 1-5,text,true,,88727,158,5,5,https://www.facebook.com/pages/create/?ref_type=registration_form,287,0,29
1706795375211,262,HTTP Request,200,OK,Thread Group-1 1-1,text,true,,88999,158,5,5,https://www.facebook.com/pages/create/?ref_type=registration_form,234,0,0
1706795375236,252,HTTP Request,200,OK,Thread Group-1 1-4,text,true,,88731,158,5,5,https://www.facebook.com/pages/create/?ref_type=registration_form,226,0,0
1706795375281,256,HTTP Request,200,OK,Thread Group-1 1-3,text,true,,88719,158,5,5,https://www.facebook.com/pages/create/?ref_type=registration_form,224,0,0
1706795375365,324,HTTP Request,200,OK,Thread Group-1 1-2,text,true,,88732,158,5,5,https://www.facebook.com/pages/create/?ref_type=registration_form,310,0,0
1706795375412,290,HTTP Request,200,OK,Thread Group-1 1-5,text,true,,88746,158,5,5,https://www.facebook.com/pages/create/?ref_type=registration_form,270,0,0
1706795375488,249,HTTP Request,200,OK,Thread Group-1 1-4,text,true,,88736,158,5,5,https://www.facebook.com/pages/create/?ref_type=registration_form,223,0,0
1706795375538,257,HTTP Request,200,OK,Thread Group-1 1-3,text,true,,88720,158,5,5,https://www.facebook.com/pages/create/?ref_type=registration_form,227,0,0
1706795375690,228,HTTP Request,200,OK,Thread Group-1 1-2,text,true,,88726,158,5,5,https://www.facebook.com/pages/create/?ref_type=registration_form,197,0,0
1706795375703,244,HTTP Request,200,OK,Thread Group-1 1-5,text,true,,89005,158,4,4,https://www.facebook.com/pages/create/?ref_type=registration_form,214,0,0
1706795375474,473,HTTP Request,200,OK,Thread Group-1 1-1,text,true,,88744,158,4,4,https://www.facebook.com/pages/create/?ref_type=registration_form,445,0,0
1706795375738,258,HTTP Request,200,OK,Thread Group-1 1-4,text,true,,88739,158,3,3,https://www.facebook.com/pages/create/?ref_type=registration_form,232,0,0
1706795375795,246,HTTP Request,200,OK,Thread Group-1 1-3,text,true,,88722,158,3,3,https://www.facebook.com/pages/create/?ref_type=registration_form,218,0,0
1706795375947,262,HTTP Request,200,OK,Thread Group-1 1-5,text,true,,88736,158,2,2,https://www.facebook.com/pages/create/?ref_type=registration_form,240,0,0
1706795375997,228,HTTP Request,200,OK,Thread Group-1 1-4,text,true,,88743,158,2,2,https://www.facebook.com/pages/create/?ref_type=registration_form,200,0,0
1706795376209,286,HTTP Request,200,OK,Thread Group-1 1-5,text,true,,88729,158,1,1,https://www.facebook.com/pages/create/?ref_type=registration_form,214,0,0
